{"model":{"type":"minecraft:range_dispatch","property":"minecraft:custom_model_data","entries":[{"threshold":0.0,"model":{"type":"minecraft:model","model":"nova:gen_model/2945"}},{"threshold":0.0625,"model":{"type":"minecraft:model","model":"nova:gen_model/2946"}},{"threshold":0.125,"model":{"type":"minecraft:model","model":"nova:gen_model/2947"}},{"threshold":0.1875,"model":{"type":"minecraft:model","model":"nova:gen_model/2948"}},{"threshold":0.25,"model":{"type":"minecraft:model","model":"nova:gen_model/2949"}},{"threshold":0.3125,"model":{"type":"minecraft:model","model":"nova:gen_model/2950"}},{"threshold":0.375,"model":{"type":"minecraft:model","model":"nova:gen_model/2951"}},{"threshold":0.4375,"model":{"type":"minecraft:model","model":"nova:gen_model/2952"}},{"threshold":0.5,"model":{"type":"minecraft:model","model":"nova:gen_model/2953"}},{"threshold":0.5625,"model":{"type":"minecraft:model","model":"nova:gen_model/2954"}},{"threshold":0.625,"model":{"type":"minecraft:model","model":"nova:gen_model/2955"}},{"threshold":0.6875,"model":{"type":"minecraft:model","model":"nova:gen_model/2956"}},{"threshold":0.75,"model":{"type":"minecraft:model","model":"nova:gen_model/2957"}},{"threshold":0.8125,"model":{"type":"minecraft:model","model":"nova:gen_model/2958"}},{"threshold":0.875,"model":{"type":"minecraft:model","model":"nova:gen_model/2959"}},{"threshold":0.9375,"model":{"type":"minecraft:model","model":"nova:gen_model/2960"}},{"threshold":1.0,"model":{"type":"minecraft:model","model":"nova:gen_model/2961"}}]}}