{"model":{"type":"minecraft:range_dispatch","property":"minecraft:custom_model_data","entries":[{"threshold":0.0,"model":{"type":"minecraft:model","model":"nova:gen_model/2936"}},{"threshold":0.125,"model":{"type":"minecraft:model","model":"nova:gen_model/2937"}},{"threshold":0.25,"model":{"type":"minecraft:model","model":"nova:gen_model/2938"}},{"threshold":0.375,"model":{"type":"minecraft:model","model":"nova:gen_model/2939"}},{"threshold":0.5,"model":{"type":"minecraft:model","model":"nova:gen_model/2940"}},{"threshold":0.625,"model":{"type":"minecraft:model","model":"nova:gen_model/2941"}},{"threshold":0.75,"model":{"type":"minecraft:model","model":"nova:gen_model/2942"}},{"threshold":0.875,"model":{"type":"minecraft:model","model":"nova:gen_model/2943"}},{"threshold":1.0,"model":{"type":"minecraft:model","model":"nova:gen_model/2944"}}]}}