{"model":{"type":"minecraft:range_dispatch","property":"minecraft:custom_model_data","entries":[{"threshold":0.0,"model":{"type":"minecraft:model","model":"nova:gen_model/2921"}},{"threshold":0.07142857142857142,"model":{"type":"minecraft:model","model":"nova:gen_model/2922"}},{"threshold":0.14285714285714285,"model":{"type":"minecraft:model","model":"nova:gen_model/2923"}},{"threshold":0.21428571428571427,"model":{"type":"minecraft:model","model":"nova:gen_model/2924"}},{"threshold":0.2857142857142857,"model":{"type":"minecraft:model","model":"nova:gen_model/2925"}},{"threshold":0.35714285714285715,"model":{"type":"minecraft:model","model":"nova:gen_model/2926"}},{"threshold":0.42857142857142855,"model":{"type":"minecraft:model","model":"nova:gen_model/2927"}},{"threshold":0.5,"model":{"type":"minecraft:model","model":"nova:gen_model/2928"}},{"threshold":0.5714285714285714,"model":{"type":"minecraft:model","model":"nova:gen_model/2929"}},{"threshold":0.6428571428571429,"model":{"type":"minecraft:model","model":"nova:gen_model/2930"}},{"threshold":0.7142857142857143,"model":{"type":"minecraft:model","model":"nova:gen_model/2931"}},{"threshold":0.7857142857142857,"model":{"type":"minecraft:model","model":"nova:gen_model/2932"}},{"threshold":0.8571428571428571,"model":{"type":"minecraft:model","model":"nova:gen_model/2933"}},{"threshold":0.9285714285714286,"model":{"type":"minecraft:model","model":"nova:gen_model/2934"}},{"threshold":1.0,"model":{"type":"minecraft:model","model":"nova:gen_model/2935"}}]}}